{
    "internalName": "prototype.hk416",
    "displayName": "HK416",
    "weaponType": "carbine",
    "customFlashTexture":"prototype.advanced.flash",
    "gunDamage": 9,
    "gunDamageHeadshotBonus": 2,
    "roundsPerMin": 600,
    "allowEmptyMagazines": true,
    "recoilPitch": 5.0,
    "recoilYaw": 0.6,
    "randomRecoilPitch": 0.0,
    "randomRecoilYaw": 0.8,
    "bulletSpread": 1,
    "accuracySneakFactor": 0.75,
    "moveSpeedModifier": 1,
    "allowSprintFiring": true,
    "fireModes": [
        "full",
        "semi",
        "burst"
    ],
    "acceptedAmmo": [
        "prototype.hk416ammo"
    ],
    "dropBulletCasing": true,
    "shellEjectOffsetNormal": {
        "x": -1,
        "y": 0,
        "z": 1
    },
    "shellEjectOffsetAiming": {
        "x": -0.2,
        "y": 0.12,
        "z": 0.5
    },
    "weaponSoundMap": {
        "weaponFire": [
            {
                "soundEvent": "weaponFire",
                "soundName": "prototype.hk416.shoot",
                "soundNameDistant": "prototype.hk416.shoot.distant",
                "soundRange": 64,
                "soundMaxRange": 96,
                "soundFadeMultiplier": 1
            }
        ],
        "weaponUnload": [
            {
                "soundEvent": "weaponReload",
                "soundName": "prototype.generic.reload"
            }
        ],
        "weaponFireSuppressed": [
            {
                "soundEvent": "weaponFireSuppressed",
                "soundName": "prototype.hk416.shoot.sup",
                "soundRange": 30,
                "soundMaxRange": 50,
                "soundFadeMultiplier": 1
            }
        ]
    },
    "acceptedAttachments": {
        "sight": [
            "prototype.docter_sight",
            "prototype.acog_scope",
            "prototype.long_scope",
            "prototype.holo_sight"
        ],
        "grip": [
            "prototype.ergo_foregrip"
        ],
        "barrel": [
            "prototype.ar_suppressor"
        ]
    },
    "modelSkins": [
        {
            "internalName": "prototype.hk416",
            "skinAsset": "prototype.hk416",
            "displayName": "Default"
        }
    ]
}