{
    "internalName": "prototype.mp5sd",
    "displayName": "MP5-SD",
    "weaponType": "smg",
    "customFlashTexture": "prototype.advanced.flash",
    "gunDamage": 6.5,
    "gunDamageHeadshotBonus": 2,
    "roundsPerMin": 500,
    "allowEmptyMagazines": true,
    "recoilPitch": 3,
    "recoilYaw": 0.8,
    "randomRecoilPitch": 0.0,
    "randomRecoilYaw": 0.9,
    "bulletSpread": 1.5,
    "accuracySneakFactor": 0.5,
    "moveSpeedModifier": 1,
    "allowSprintFiring": true,
    "dropBulletCasing": true,
    "fireModes": [
        "full",
        "burst",
        "semi"
    ],
    "acceptedAmmo": [
        "prototype.mp5ammo"
    ],
    "shellEjectOffsetNormal": {
        "x": -1,
        "y": 0,
        "z": 1
    },
    "shellEjectOffsetAiming": {
        "x": -0.2,
        "y": 0.12,
        "z": 0.5
    },
    "weaponSoundMap": {
        "weaponFire": [
            {
                "soundEvent": "weaponFire",
                "soundName": "prototype.mp5sd.shoot",
                "soundRange": 64,
                "soundMaxRange": 96,
                "soundFadeMultiplier": 1
            }
        ],
        "weaponUnload": [
            {
                "soundEvent": "weaponReload",
                "soundName": "prototype.generic.reload"
            }
        ]
    },
    "acceptedAttachments": {
        "sight": [
            "prototype.docter_sight_mini"
        ],
        "flashlight": [
            "prototype.mp5_flashlight"
        ]
    },
    "modelSkins": [
        {
            "internalName": "prototype.mp5",
            "skinAsset": "prototype.mp5",
            "displayName": "Default"
        }
    ]
}