{
    "internalName": "prototype.vz68",
    "displayName": "VZ.68 Skorpion",
    "weaponType": "smg",
    "customFlashTexture": "prototype.advanced.flash",
    "gunDamage": 8,
    "gunDamageHeadshotBonus": 2,
    "roundsPerMin": 500,
    "allowEmptyMagazines": true,
    "recoilPitch": 2,
    "recoilYaw": 1,
    "randomRecoilPitch": 0.0,
    "randomRecoilYaw": 0.8,
    "bulletSpread": 1.25,
    "accuracySneakFactor": 0.5,
    "moveSpeedModifier": 1,
    "allowSprintFiring": true,
    "dropBulletCasing": true,
    "fireModes": [
        "full",
        "semi",
        "burst"
    ],
    "acceptedAmmo": [
        "prototype.vz68ammo"
    ],
    "shellEjectOffsetNormal": {
        "x": -1,
        "y": 0,
        "z": 1
    },
    "shellEjectOffsetAiming": {
        "x": -0.2,
        "y": 0.12,
        "z": 0.5
    },
    "weaponSoundMap": {
        "weaponFire": [
            {
                "soundEvent": "weaponFire",
                "soundName": "prototype.vz68.shoot",
                "soundNameDistant": "prototype.vz68.shoot.distant",
                "soundRange": 64,
                "soundMaxRange": 96,
                "soundFadeMultiplier": 1
            }
        ],
        "weaponUnload": [
            {
                "soundEvent": "weaponReload",
                "soundName": "prototype.generic.reload"
            }
        ]
    },
    "modelSkins": [
        {
            "internalName": "prototype.vz68",
            "skinAsset": "prototype.vz68",
            "displayName": "Default"
        }
    ]
}